sim_time,clock,KW_7,KVAR_7,Vpu_7,Vpu_12
14515200.0,2019-08-27 15:40:40.299000,0.0,0.0,0.99453372453,0.975128360166
14515200.0,2019-08-27 15:40:40.446000,0.000439035294659,0.0,0.994533733341,0.975128369157
14515200.0,2019-08-27 15:40:40.464000,0.000439035294659,0.0,0.994533733341,0.975128369157
14515200.0,2019-08-27 15:40:40.482000,0.000439035294659,0.0,0.994533733341,0.975128369157
14515201.0,2019-08-27 15:40:40.501000,0.000439035294659,0.0,0.994533733341,0.975128369157
14515202.0,2019-08-27 15:40:40.588000,0.000439035294659,0.0,0.994533733341,0.975128369157
14515202.0,2019-08-27 15:40:41.048000,0.000439066942228,0.0,0.994533733342,0.975128369158
14518800.0,2019-08-27 15:40:41.067000,0.000439066942228,0.0,0.994533733342,0.975128369158
14518801.0,2019-08-27 15:40:41.132000,0.000439066942228,0.0,0.994533733342,0.975128369158
14518801.0,2019-08-27 15:40:41.592000,0.000439190405539,0.0,0.994533733344,0.97512836916
14522400.0,2019-08-27 15:40:41.611000,0.000439190405539,0.0,0.994533733344,0.97512836916
14522401.0,2019-08-27 15:40:41.676000,0.000439190405539,0.0,0.994533733344,0.97512836916
14522401.0,2019-08-27 15:40:42.150000,0.000439389883816,0.0,0.994533733348,0.975128369164
14526000.0,2019-08-27 15:40:42.169000,0.000439389883816,0.0,0.994533733348,0.975128369164
14526001.0,2019-08-27 15:40:42.231000,0.000439389883816,0.0,0.994533733348,0.975128369164
14526001.0,2019-08-27 15:40:42.711000,0.000439646307252,0.0,0.994533733353,0.97512836917
14529600.0,2019-08-27 15:40:42.730000,0.000439646307252,0.0,0.994533733353,0.97512836917
14529601.0,2019-08-27 15:40:42.795000,0.000439646307252,0.0,0.994533733353,0.97512836917
14529601.0,2019-08-27 15:40:43.245000,51.7171472844,0.0,0.995570263701,0.976186020772
14533200.0,2019-08-27 15:40:43.263000,51.7171472844,0.0,0.995570263701,0.976186020772
14533201.0,2019-08-27 15:40:43.333000,51.7171472844,0.0,0.995570263701,0.976186020772
14533201.0,2019-08-27 15:40:43.793000,475.807585416,0.0,1.0039667893,0.984751923823
14536800.0,2019-08-27 15:40:43.812000,475.807585416,0.0,1.0039667893,0.984751923823
14536801.0,2019-08-27 15:40:43.879000,475.807585416,0.0,1.0039667893,0.984751923823
14536801.0,2019-08-27 15:40:44.347000,1400.56120612,0.0,1.02167533068,1.00280795331
14540400.0,2019-08-27 15:40:44.366000,1400.56120612,0.0,1.02167533068,1.00280795331
14540400.0,2019-08-27 15:40:44.495000,1400.56120612,-13.373434222,1.0214852099,1.00261417005
14540401.0,2019-08-27 15:40:44.514000,1400.56120612,-13.373434222,1.0214852099,1.00261417005
14540401.0,2019-08-27 15:40:44.633000,1400.56120612,-26.3059628413,1.02130122895,1.00242664353
14540402.0,2019-08-27 15:40:44.652000,1400.56120612,-26.3059628413,1.02130122895,1.00242664353
14540402.0,2019-08-27 15:40:44.759000,1400.56120612,-38.8122632567,1.02112319155,1.00224517379
14540403.0,2019-08-27 15:40:44.779000,1400.56120612,-38.8122632567,1.02112319155,1.00224517379
14540403.0,2019-08-27 15:40:44.896000,1400.56120612,-50.9063730115,1.02095090959,1.00206956924
14540404.0,2019-08-27 15:40:44.916000,1400.56120612,-50.9063730115,1.02095090959,1.00206956924
14540404.0,2019-08-27 15:40:45.007000,1400.56120612,-62.6017630902,1.02078420216,1.00189964558
14540405.0,2019-08-27 15:40:45.025000,1400.56120612,-62.6017630902,1.02078420216,1.00189964558
14540405.0,2019-08-27 15:40:45.123000,1400.56120612,-73.9117160387,1.02062289021,1.00173522045
14540406.0,2019-08-27 15:40:45.144000,1400.56120612,-73.9117160387,1.02062289021,1.00173522045
14540406.0,2019-08-27 15:40:45.236000,1400.56120612,-84.8489261054,1.02046680234,1.00157611921
14540407.0,2019-08-27 15:40:45.254000,1400.56120612,-84.8489261054,1.02046680234,1.00157611921
14540407.0,2019-08-27 15:40:45.350000,1400.56120612,-95.4254971368,1.02031577484,1.0014221751
14540408.0,2019-08-27 15:40:45.371000,1400.56120612,-95.4254971368,1.02031577484,1.0014221751
14540408.0,2019-08-27 15:40:45.463000,1400.56120612,-105.653310116,1.02016964651,1.00127322389
14540409.0,2019-08-27 15:40:45.482000,1400.56120612,-105.653310116,1.02016964651,1.00127322389
14540409.0,2019-08-27 15:40:45.572000,1400.56120612,-115.543872264,1.02002826087,1.00112910617
14540410.0,2019-08-27 15:40:45.595000,1400.56120612,-115.543872264,1.02002826087,1.00112910617
14540410.0,2019-08-27 15:40:45.684000,1400.56120612,-125.108300749,1.01989146642,1.00098966759
14540411.0,2019-08-27 15:40:45.702000,1400.56120612,-125.108300749,1.01989146642,1.00098966759
14540411.0,2019-08-27 15:40:45.788000,1400.56120612,-134.357339628,1.01975911643,1.00085475866
14540412.0,2019-08-27 15:40:45.812000,1400.56120612,-134.357339628,1.01975911643,1.00085475866
14540412.0,2019-08-27 15:40:45.900000,1400.56120612,-143.301374742,1.01963106881,1.00072423461
14540413.0,2019-08-27 15:40:45.918000,1400.56120612,-143.301374742,1.01963106881,1.00072423461
14540413.0,2019-08-27 15:40:46.011000,1400.56120612,-151.950447284,1.01950718588,1.00059795516
14540414.0,2019-08-27 15:40:46.032000,1400.56120612,-151.950447284,1.01950718588,1.00059795516
14540414.0,2019-08-27 15:40:46.119000,1400.56120612,-160.314266337,1.01938733428,1.00047578445
14540415.0,2019-08-27 15:40:46.138000,1400.56120612,-160.314266337,1.01938733428,1.00047578445
14540415.0,2019-08-27 15:40:46.223000,1400.56120612,-168.402220655,1.01927138483,1.00035759083
14540416.0,2019-08-27 15:40:46.249000,1400.56120612,-168.402220655,1.01927138483,1.00035759083
14540416.0,2019-08-27 15:40:46.338000,1400.56120612,-176.223389815,1.01915921234,1.00024324676
14540417.0,2019-08-27 15:40:46.357000,1400.56120612,-176.223389815,1.01915921234,1.00024324676
14540417.0,2019-08-27 15:40:46.443000,1400.56120612,-183.786554744,1.01905069558,1.0001326287
14540418.0,2019-08-27 15:40:46.464000,1400.56120612,-183.786554744,1.01905069558,1.0001326287
14540418.0,2019-08-27 15:40:46.555000,1400.56120612,-191.099941825,1.01894572089,1.00002562085
14540419.0,2019-08-27 15:40:46.574000,1400.56120612,-191.099941825,1.01894572089,1.00002562085
14540419.0,2019-08-27 15:40:46.657000,1400.56120612,-198.171734357,1.01884417492,0.999922107702
14540420.0,2019-08-27 15:40:46.677000,1400.56120612,-198.171734357,1.01884417492,0.999922107702
14540420.0,2019-08-27 15:40:46.787000,1400.56120612,-205.009917056,1.01874594686,0.99982197634
14540421.0,2019-08-27 15:40:46.809000,1400.56120612,-205.009917056,1.01874594686,0.99982197634
14540421.0,2019-08-27 15:40:47.596000,2382.98021515,-606.094142883,1.03107665047,1.0123885859
14544000.0,2019-08-27 15:40:47.615000,2382.98021515,-606.094142883,1.03107665047,1.0123885859
14544000.0,2019-08-27 15:40:47.709000,2382.98021515,-620.171916014,1.03087380965,1.01218191301
14544001.0,2019-08-27 15:40:47.728000,2382.98021515,-620.171916014,1.03087380965,1.01218191301
14544001.0,2019-08-27 15:40:47.816000,2382.98021515,-633.784462698,1.03067752851,1.0119819222
14544002.0,2019-08-27 15:40:47.840000,2382.98021515,-633.784462698,1.03067752851,1.0119819222
14544002.0,2019-08-27 15:40:47.925000,2382.98021515,-646.947065134,1.03048760074,1.01178840341
14544003.0,2019-08-27 15:40:47.945000,2382.98021515,-646.947065134,1.03048760074,1.01178840341
14544003.0,2019-08-27 15:40:48.034000,2382.98021515,-659.674510291,1.03030382614,1.01160115278
14544004.0,2019-08-27 15:40:48.058000,2382.98021515,-659.674510291,1.03030382614,1.01160115278
14544004.0,2019-08-27 15:40:48.146000,2382.98021515,-671.981105623,1.03012601044,1.01141997251
14544005.0,2019-08-27 15:40:48.168000,2382.98021515,-671.981105623,1.03012601044,1.01141997251
14544005.0,2019-08-27 15:40:48.260000,2382.98021515,-683.880694232,1.02995396518,1.01124467068
14544006.0,2019-08-27 15:40:48.283000,2382.98021515,-683.880694232,1.02995396518,1.01124467068
14544006.0,2019-08-27 15:40:48.371000,2382.98021515,-695.386669572,1.02978750753,1.01107506113
14544007.0,2019-08-27 15:40:48.391000,2382.98021515,-695.386669572,1.02978750753,1.01107506113
14544007.0,2019-08-27 15:40:48.482000,2382.98021515,-706.511989778,1.02962646015,1.01091096326
14544008.0,2019-08-27 15:40:48.507000,2382.98021515,-706.511989778,1.02962646015,1.01091096326
14544008.0,2019-08-27 15:40:48.592000,2382.98021515,-717.269191451,1.02947065107,1.01075220195
14544009.0,2019-08-27 15:40:48.613000,2382.98021515,-717.269191451,1.02947065107,1.01075220195
14544009.0,2019-08-27 15:40:48.696000,2382.98021515,-727.670403079,1.0293199135,1.01059860733
14544010.0,2019-08-27 15:40:48.722000,2382.98021515,-727.670403079,1.0293199135,1.01059860733
14544010.0,2019-08-27 15:40:48.812000,2382.98021515,-737.727358015,1.02917408572,1.01045001472
14544011.0,2019-08-27 15:40:48.832000,2382.98021515,-737.727358015,1.02917408572,1.01045001472
14544011.0,2019-08-27 15:40:48.916000,2382.98021515,-747.451407104,1.02903301094,1.01030626442
14544012.0,2019-08-27 15:40:48.940000,2382.98021515,-747.451407104,1.02903301094,1.01030626442
14544012.0,2019-08-27 15:40:49.024000,2382.98021515,-756.85353083,1.02889653715,1.01016720163
14544013.0,2019-08-27 15:40:49.043000,2382.98021515,-756.85353083,1.02889653715,1.01016720163
14544013.0,2019-08-27 15:40:49.123000,2382.98021515,-765.944351179,1.028764517,1.01003267628
14544014.0,2019-08-27 15:40:49.148000,2382.98021515,-765.944351179,1.028764517,1.01003267628
14544014.0,2019-08-27 15:40:49.235000,2382.98021515,-774.734143099,1.02863680768,1.00990254291
14544015.0,2019-08-27 15:40:49.254000,2382.98021515,-774.734143099,1.02863680768,1.00990254291
14544015.0,2019-08-27 15:40:49.340000,2382.98021515,-783.232845609,1.02851327077,1.00977666053
14544016.0,2019-08-27 15:40:49.359000,2382.98021515,-783.232845609,1.02851327077,1.00977666053
14544016.0,2019-08-27 15:40:49.455000,2382.98021515,-791.450072571,1.02839377213,1.00965489252
14544017.0,2019-08-27 15:40:49.475000,2382.98021515,-791.450072571,1.02839377213,1.00965489252
14544017.0,2019-08-27 15:40:49.557000,2382.98021515,-799.395123109,1.02827818178,1.00953710649
14544018.0,2019-08-27 15:40:49.587000,2382.98021515,-799.395123109,1.02827818178,1.00953710649
14544018.0,2019-08-27 15:40:49.690000,2382.98021515,-807.076991705,1.02816637377,1.00942317414
14544019.0,2019-08-27 15:40:49.711000,2382.98021515,-807.076991705,1.02816637377,1.00942317414
14544019.0,2019-08-27 15:40:49.794000,2382.98021515,-814.504378048,1.02805822607,1.00931297119
14544020.0,2019-08-27 15:40:49.819000,2382.98021515,-814.504378048,1.02805822607,1.00931297119
14544020.0,2019-08-27 15:40:49.907000,2382.98021515,-821.685696492,1.02795362047,1.00920637721
14544021.0,2019-08-27 15:40:49.927000,2382.98021515,-821.685696492,1.02795362047,1.00920637721
14544021.0,2019-08-27 15:40:50.012000,2382.98021515,-828.629085234,1.02785244246,1.00910327557
14544022.0,2019-08-27 15:40:50.037000,2382.98021515,-828.629085234,1.02785244246,1.00910327557
14544022.0,2019-08-27 15:40:50.121000,2382.98021515,-835.342415261,1.02775458112,1.00900355326
14544023.0,2019-08-27 15:40:50.141000,2382.98021515,-835.342415261,1.02775458112,1.00900355326
14544023.0,2019-08-27 15:40:50.851000,3285.72506036,-1230.3924339,1.03808151434,1.01952480846
14547600.0,2019-08-27 15:40:50.870000,3285.72506036,-1230.3924339,1.03808151434,1.01952480846
14547600.0,2019-08-27 15:40:50.961000,3285.72506036,-1242.15727663,1.03790915582,1.01934924041
14547601.0,2019-08-27 15:40:50.980000,3285.72506036,-1242.15727663,1.03790915582,1.01934924041
14547601.0,2019-08-27 15:40:51.062000,3285.72506036,-1253.53110064,1.03774242351,1.01917940226
14547602.0,2019-08-27 15:40:51.087000,3285.72506036,-1253.53110064,1.03774242351,1.01917940226
14547602.0,2019-08-27 15:40:51.171000,3285.72506036,-1264.52683703,1.03758113795,1.01901511131
14547603.0,2019-08-27 15:40:51.189000,3285.72506036,-1264.52683703,1.03758113795,1.01901511131
14547603.0,2019-08-27 15:40:51.269000,3285.72506036,-1275.15699502,1.03742512509,1.01885619038
14547604.0,2019-08-27 15:40:51.293000,3285.72506036,-1275.15699502,1.03742512509,1.01885619038
14547604.0,2019-08-27 15:40:51.378000,3285.72506036,-1285.43367542,1.03727421619,1.01870246765
14547605.0,2019-08-27 15:40:51.396000,3285.72506036,-1285.43367542,1.03727421619,1.01870246765
14547605.0,2019-08-27 15:40:51.479000,3285.72506036,-1295.36858346,1.03712824763,1.01855377655
14547606.0,2019-08-27 15:40:51.502000,3285.72506036,-1295.36858346,1.03712824763,1.01855377655
14547606.0,2019-08-27 15:40:51.585000,3285.72506036,-1304.97304146,1.03698706081,1.0184099556
14547607.0,2019-08-27 15:40:51.604000,3285.72506036,-1304.97304146,1.03698706081,1.0184099556
14547607.0,2019-08-27 15:40:51.688000,3285.72506036,-1314.25800099,1.03685050199,1.01827084827
14547608.0,2019-08-27 15:40:51.711000,3285.72506036,-1314.25800099,1.03685050199,1.01827084827
14547608.0,2019-08-27 15:40:51.796000,3285.72506036,-1323.23405473,1.03671842218,1.01813630286
14547609.0,2019-08-27 15:40:51.815000,3285.72506036,-1323.23405473,1.03671842218,1.01813630286
14547609.0,2019-08-27 15:40:51.901000,3285.72506036,-1331.91144794,1.03659067696,1.01800617232
14547610.0,2019-08-27 15:40:51.925000,3285.72506036,-1331.91144794,1.03659067696,1.01800617232
14547610.0,2019-08-27 15:40:52.016000,3285.72506036,-1340.30008954,1.03646712642,1.01788031419
14547611.0,2019-08-27 15:40:52.036000,3285.72506036,-1340.30008954,1.03646712642,1.01788031419
14547611.0,2019-08-27 15:40:52.122000,3285.72506036,-1348.40956293,1.03634763497,1.01775859041
14547612.0,2019-08-27 15:40:52.145000,3285.72506036,-1348.40956293,1.03634763497,1.01775859041
14547612.0,2019-08-27 15:40:52.230000,3285.72506036,-1356.24913646,1.03623207125,1.01764086722
14547613.0,2019-08-27 15:40:52.250000,3285.72506036,-1356.24913646,1.03623207125,1.01764086722
14547613.0,2019-08-27 15:40:52.333000,3285.72506036,-1363.82777357,1.03612030801,1.01752701502
14547614.0,2019-08-27 15:40:52.358000,3285.72506036,-1363.82777357,1.03612030801,1.01752701502
14547614.0,2019-08-27 15:40:52.451000,3285.72506036,-1371.15414255,1.03601222196,1.01741690831
14547615.0,2019-08-27 15:40:52.471000,3285.72506036,-1371.15414255,1.03601222196,1.01741690831
14547615.0,2019-08-27 15:40:52.560000,3285.72506036,-1378.23662616,1.03590769372,1.01731042548
14547616.0,2019-08-27 15:40:52.584000,3285.72506036,-1378.23662616,1.03590769372,1.01731042548
14547616.0,2019-08-27 15:40:52.671000,3285.72506036,-1385.08333074,1.03580660762,1.01720744876
14547617.0,2019-08-27 15:40:52.691000,3285.72506036,-1385.08333074,1.03580660762,1.01720744876
14547617.0,2019-08-27 15:40:52.773000,3285.72506036,-1391.7020953,1.03570885166,1.0171078641
14547618.0,2019-08-27 15:40:52.797000,3285.72506036,-1391.7020953,1.03570885166,1.0171078641
14547618.0,2019-08-27 15:40:53.495000,4004.70614832,-1781.62347099,1.04241517948,1.023938801
14551200.0,2019-08-27 15:40:53.516000,4004.70614832,-1781.62347099,1.04241517948,1.023938801
14551200.0,2019-08-27 15:40:53.600000,3988.83323172,-1786.50373546,1.04206994418,1.02358719256
14551201.0,2019-08-27 15:40:53.620000,3988.83323172,-1786.50373546,1.04206994418,1.02358719256
14551201.0,2019-08-27 15:40:53.720000,3975.49322174,-1791.30265852,1.04176921884,1.02328091209
14551202.0,2019-08-27 15:40:53.742000,3975.49322174,-1791.30265852,1.04176921884,1.02328091209
14551202.0,2019-08-27 15:40:53.831000,3964.35060127,-1796.0217343,1.04150729435,1.02301414644
14551203.0,2019-08-27 15:40:53.850000,3964.35060127,-1796.0217343,1.04150729435,1.02301414644
14551203.0,2019-08-27 15:40:53.940000,3955.11312888,-1800.66248694,1.04127918192,1.0227818157
14551204.0,2019-08-27 15:40:53.962000,3955.11312888,-1800.66248694,1.04127918192,1.0227818157
14551204.0,2019-08-27 15:40:54.046000,3947.52650907,-1805.22640347,1.04108052859,1.02257948722
14551205.0,2019-08-27 15:40:54.065000,3947.52650907,-1805.22640347,1.04108052859,1.02257948722
14551205.0,2019-08-27 15:40:54.145000,3941.36952183,-1809.71492439,1.0409075382,1.02240329524
14551206.0,2019-08-27 15:40:54.171000,3941.36952183,-1809.71492439,1.0409075382,1.02240329524
14551206.0,2019-08-27 15:40:54.241000,3936.45059081,-1814.12868415,1.04075692721,1.0222498959
14551207.0,2019-08-27 15:40:54.261000,3936.45059081,-1814.12868415,1.04075692721,1.0222498959
14551207.0,2019-08-27 15:40:54.329000,3932.60270825,-1818.46805065,1.04062583187,1.02211637284
14551208.0,2019-08-27 15:40:54.347000,3932.60270825,-1818.46805065,1.04062583187,1.02211637284
14551208.0,2019-08-27 15:40:54.425000,3929.67913963,-1822.73461284,1.04051171402,1.02200014113
14551209.0,2019-08-27 15:40:54.445000,3929.67913963,-1822.73461284,1.04051171402,1.02200014113
14551209.0,2019-08-27 15:40:54.513000,3927.55257957,-1826.92988746,1.0404123673,1.02189895377
14551210.0,2019-08-27 15:40:54.533000,3927.55257957,-1826.92988746,1.0404123673,1.02189895377
14551210.0,2019-08-27 15:40:55.210000,4243.0395202,-2078.99991103,1.04203984332,1.02355653586
14554800.0,2019-08-27 15:40:55.229000,4243.0395202,-2078.99991103,1.04203984332,1.02355653586
14554800.0,2019-08-27 15:40:55.296000,4243.03951948,-2078.99991249,1.04203984328,1.02355653582
14554801.0,2019-08-27 15:40:55.315000,4243.03951948,-2078.99991249,1.04203984328,1.02355653582
14554801.0,2019-08-27 15:40:56.018000,3715.71772457,-2079.0,1.03293778945,1.01428481087
14558400.0,2019-08-27 15:40:56.037000,3715.71772457,-2079.0,1.03293778945,1.01428481087
14558400.0,2019-08-27 15:40:56.125000,3731.34377861,-2070.96834205,1.03333253066,1.0146869764
14558401.0,2019-08-27 15:40:56.145000,3731.34377861,-2070.96834205,1.03333253066,1.0146869764
14558401.0,2019-08-27 15:40:56.232000,3746.71160887,-2063.51828505,1.03371363326,1.01507524107
14558402.0,2019-08-27 15:40:56.256000,3746.71160887,-2063.51828505,1.03371363326,1.01507524107
14558402.0,2019-08-27 15:40:56.343000,3761.82555019,-2056.62462684,1.03408158466,1.01545010206
14558403.0,2019-08-27 15:40:56.366000,3761.82555019,-2056.62462684,1.03408158466,1.01545010206
14558403.0,2019-08-27 15:40:56.459000,3776.68987211,-2050.26314169,1.03443685377,1.01581203765
14558404.0,2019-08-27 15:40:56.481000,3776.68987211,-2050.26314169,1.03443685377,1.01581203765
14558404.0,2019-08-27 15:40:56.570000,3791.30877991,-2044.41054354,1.03477989182,1.01616150804
14558405.0,2019-08-27 15:40:56.591000,3791.30877991,-2044.41054354,1.03477989182,1.01616150804
14558405.0,2019-08-27 15:40:56.674000,3805.68641531,-2039.04445082,1.03511113308,1.01649895614
14558406.0,2019-08-27 15:40:56.700000,3805.68641531,-2039.04445082,1.03511113308,1.01649895614
14558406.0,2019-08-27 15:40:56.787000,3819.82685706,-2034.14335271,1.03543099555,1.01682480823
14558407.0,2019-08-27 15:40:56.806000,3819.82685706,-2034.14335271,1.03543099555,1.01682480823
14558407.0,2019-08-27 15:40:56.892000,3833.73412102,-2029.68657675,1.03573988166,1.01713947467
14558408.0,2019-08-27 15:40:56.915000,3833.73412102,-2029.68657675,1.03573988166,1.01713947467
14558408.0,2019-08-27 15:40:56.997000,3847.41216026,-2025.65425764,1.03603817883,1.01744335054
14558409.0,2019-08-27 15:40:57.016000,3847.41216026,-2025.65425764,1.03603817883,1.01744335054
14558409.0,2019-08-27 15:40:57.096000,3860.86486456,-2022.02730736,1.0363262601,1.01773681622
14558410.0,2019-08-27 15:40:57.122000,3860.86486456,-2022.02730736,1.0363262601,1.01773681622
14558410.0,2019-08-27 15:40:57.204000,3874.09605973,-2018.78738615,1.03660448468,1.01802023796
14558411.0,2019-08-27 15:40:57.225000,3874.09605973,-2018.78738615,1.03660448468,1.01802023796
14558411.0,2019-08-27 15:40:57.292000,3887.10897611,-2015.91699164,1.03687318751,1.01829395727
14558412.0,2019-08-27 15:40:57.316000,3887.10897611,-2015.91699164,1.03687318751,1.01829395727
14558412.0,2019-08-27 15:40:57.386000,3899.90412952,-2013.39978511,1.0371326378,1.01855824867
14558413.0,2019-08-27 15:40:57.405000,3899.90412952,-2013.39978511,1.0371326378,1.01855824867
14558413.0,2019-08-27 15:40:57.474000,3912.48539178,-2011.21920513,1.03738316518,1.01881344824
14558414.0,2019-08-27 15:40:57.494000,3912.48539178,-2011.21920513,1.03738316518,1.01881344824
14558414.0,2019-08-27 15:40:57.571000,3924.85659911,-2009.35935858,1.03762508755,1.01905988004
14558415.0,2019-08-27 15:40:57.592000,3924.85659911,-2009.35935858,1.03762508755,1.01905988004
14558415.0,2019-08-27 15:40:57.664000,3937.02154868,-2007.80499846,1.03785871142,1.01929785652
14558416.0,2019-08-27 15:40:57.684000,3937.02154868,-2007.80499846,1.03785871142,1.01929785652
14558416.0,2019-08-27 15:40:57.756000,3948.98399385,-2006.54150214,1.03808433222,1.01952767886
14558417.0,2019-08-27 15:40:57.775000,3948.98399385,-2006.54150214,1.03808433222,1.01952767886
14558417.0,2019-08-27 15:40:57.856000,3960.74763799,-2005.5548497,1.03830223465,1.01974963725
14558418.0,2019-08-27 15:40:57.876000,3960.74763799,-2005.5548497,1.03830223465,1.01974963725
14558418.0,2019-08-27 15:40:57.944000,3972.31612757,-2004.83160232,1.03851269288,1.01996401116
14558419.0,2019-08-27 15:40:57.964000,3972.31612757,-2004.83160232,1.03851269288,1.01996401116
14558419.0,2019-08-27 15:40:58.042000,3983.6930449,-2004.35888052,1.03871597087,1.02017106965
14558420.0,2019-08-27 15:40:58.062000,3983.6930449,-2004.35888052,1.03871597087,1.02017106965
14558420.0,2019-08-27 15:40:58.131000,3994.88190117,-2004.12434219,1.03891232263,1.02037107159
14558421.0,2019-08-27 15:40:58.151000,3994.88190117,-2004.12434219,1.03891232263,1.02037107159
14558421.0,2019-08-27 15:40:58.221000,4005.88613028,-2004.11616057,1.03910199247,1.020564266
14558422.0,2019-08-27 15:40:58.241000,4005.88613028,-2004.11616057,1.03910199247,1.020564266
14558422.0,2019-08-27 15:40:58.321000,4016.70908393,-2004.32300224,1.03928521532,1.02075089232
14558423.0,2019-08-27 15:40:58.342000,4016.70908393,-2004.32300224,1.03928521532,1.02075089232
14558423.0,2019-08-27 15:40:58.410000,4027.35402845,-2004.73400541,1.03946221704,1.02093118075
14558424.0,2019-08-27 15:40:58.430000,4027.35402845,-2004.73400541,1.03946221704,1.02093118075
14558424.0,2019-08-27 15:40:58.497000,4037.82414308,-2005.33875864,1.03963321477,1.02110535256
14558425.0,2019-08-27 15:40:58.517000,4037.82414308,-2005.33875864,1.03963321477,1.02110535256
14558425.0,2019-08-27 15:40:58.596000,4048.12252014,-2006.1272803,1.03979841725,1.0212736205
14558426.0,2019-08-27 15:40:58.617000,4048.12252014,-2006.1272803,1.03979841725,1.0212736205
14558426.0,2019-08-27 15:40:58.685000,4058.25216652,-2007.08999889,1.03995802518,1.02143618909
14558427.0,2019-08-27 15:40:58.705000,4058.25216652,-2007.08999889,1.03995802518,1.02143618909
14558427.0,2019-08-27 15:40:58.772000,4068.21600635,-2008.2177344,1.04011223161,1.02159325508
14558428.0,2019-08-27 15:40:58.792000,4068.21600635,-2008.2177344,1.04011223161,1.02159325508
14558428.0,2019-08-27 15:40:58.869000,4077.15246613,-2009.37350527,1.04024830898,1.02173185507
14558429.0,2019-08-27 15:40:58.889000,4077.15246613,-2009.37350527,1.04024830898,1.02173185507
14558429.0,2019-08-27 15:40:58.958000,4084.89562771,-2010.50890866,1.04036415654,1.02184984968
14558430.0,2019-08-27 15:40:58.978000,4084.89562771,-2010.50890866,1.04036415654,1.02184984968
14558430.0,2019-08-27 15:40:59.049000,4091.62168352,-2011.62430281,1.04046281125,1.02195033239
14558431.0,2019-08-27 15:40:59.070000,4091.62168352,-2011.62430281,1.04046281125,1.02195033239
14558431.0,2019-08-27 15:40:59.754000,4243.03946283,-2079.0000281,1.04203984057,1.02355653306
14562000.0,2019-08-27 15:40:59.774000,4243.03946283,-2079.0000281,1.04203984057,1.02355653306
14562000.0,2019-08-27 15:40:59.843000,4243.03946306,-2079.00002764,1.04203984059,1.02355653307
14562001.0,2019-08-27 15:40:59.864000,4243.03946306,-2079.00002764,1.04203984059,1.02355653307
14562001.0,2019-08-27 15:41:00.591000,3338.51280841,-2079.0,1.02630164283,1.0075229411
14565600.0,2019-08-27 15:41:00.611000,3338.51280841,-2079.0,1.02630164283,1.0075229411
14565600.0,2019-08-27 15:41:00.693000,3352.57057466,-2063.40122773,1.02678972808,1.00802033217
14565601.0,2019-08-27 15:41:00.712000,3352.57057466,-2063.40122773,1.02678972808,1.00802033217
14565601.0,2019-08-27 15:41:00.800000,3366.39585956,-2048.61616042,1.02726077062,1.00850034666
14565602.0,2019-08-27 15:41:00.826000,3366.39585956,-2048.61616042,1.02726077062,1.00850034666
14565602.0,2019-08-27 15:41:00.910000,3379.99251295,-2034.61187248,1.02771539363,1.00896362057
14565603.0,2019-08-27 15:41:00.930000,3379.99251295,-2034.61187248,1.02771539363,1.00896362057
14565603.0,2019-08-27 15:41:01.017000,3393.36432288,-2021.35669426,1.0281541954,1.00941076447
14565604.0,2019-08-27 15:41:01.042000,3393.36432288,-2021.35669426,1.0281541954,1.00941076447
14565604.0,2019-08-27 15:41:01.128000,3406.51501676,-2008.82016294,1.02857775051,1.00984236466
14565605.0,2019-08-27 15:41:01.148000,3406.51501676,-2008.82016294,1.02857775051,1.00984236466
14565605.0,2019-08-27 15:41:01.234000,3419.44826256,-1996.97297557,1.02898661091,1.01025898434
14565606.0,2019-08-27 15:41:01.258000,3419.44826256,-1996.97297557,1.02898661091,1.01025898434
14565606.0,2019-08-27 15:41:01.343000,3432.16766986,-1985.78694417,1.02938130694,1.01066116462
14565607.0,2019-08-27 15:41:01.364000,3432.16766986,-1985.78694417,1.02938130694,1.01066116462
14565607.0,2019-08-27 15:41:01.450000,3444.67679103,-1975.23495272,1.02976234833,1.01104942554
14565608.0,2019-08-27 15:41:01.474000,3444.67679103,-1975.23495272,1.02976234833,1.01104942554
14565608.0,2019-08-27 15:41:01.559000,3456.97912233,-1965.29091595,1.03013022509,1.01142426701
14565609.0,2019-08-27 15:41:01.579000,3456.97912233,-1965.29091595,1.03013022509,1.01142426701
14565609.0,2019-08-27 15:41:01.667000,3469.07810501,-1955.92973998,1.0304854084,1.0117861697
14565610.0,2019-08-27 15:41:01.692000,3469.07810501,-1955.92973998,1.0304854084,1.0117861697
14565610.0,2019-08-27 15:41:01.777000,3480.97712636,-1947.12728452,1.03082835143,1.01213559587
14565611.0,2019-08-27 15:41:01.797000,3480.97712636,-1947.12728452,1.03082835143,1.01213559587
14565611.0,2019-08-27 15:41:01.881000,3492.67952085,-1938.86032672,1.03115949015,1.01247299022
14565612.0,2019-08-27 15:41:01.906000,3492.67952085,-1938.86032672,1.03115949015,1.01247299022
14565612.0,2019-08-27 15:41:01.990000,3504.18857115,-1931.10652643,1.03147924401,1.01279878058
14565613.0,2019-08-27 15:41:02.010000,3504.18857115,-1931.10652643,1.03147924401,1.01279878058
14565613.0,2019-08-27 15:41:02.098000,3515.50750915,-1923.84439307,1.03178801671,1.01311337869
14565614.0,2019-08-27 15:41:02.128000,3515.50750915,-1923.84439307,1.03178801671,1.01311337869
14565614.0,2019-08-27 15:41:02.218000,3526.63951694,-1917.05325369,1.0320861968,1.01341718083
14565615.0,2019-08-27 15:41:02.238000,3526.63951694,-1917.05325369,1.0320861968,1.01341718083
14565615.0,2019-08-27 15:41:02.323000,3537.58772775,-1910.71322248,1.0323741584,1.01371056853
14565616.0,2019-08-27 15:41:02.348000,3537.58772775,-1910.71322248,1.0323741584,1.01371056853
14565616.0,2019-08-27 15:41:02.434000,3548.35522689,-1904.80517145,1.03265226169,1.01399390911
14565617.0,2019-08-27 15:41:02.453000,3548.35522689,-1904.80517145,1.03265226169,1.01399390911
14565617.0,2019-08-27 15:41:02.537000,3558.94505252,-1899.31070232,1.03292085359,1.01426755632
14565618.0,2019-08-27 15:41:02.561000,3558.94505252,-1899.31070232,1.03292085359,1.01426755632
14565618.0,2019-08-27 15:41:02.646000,3569.36019636,-1894.21211963,1.0331802682,1.01453185087
14565619.0,2019-08-27 15:41:02.666000,3569.36019636,-1894.21211963,1.0331802682,1.01453185087
14565619.0,2019-08-27 15:41:02.760000,3579.60360436,-1889.4924048,1.0334308274,1.01478712094
14565620.0,2019-08-27 15:41:02.782000,3579.60360436,-1889.4924048,1.0334308274,1.01478712094
14565620.0,2019-08-27 15:41:02.865000,3589.67817719,-1885.13519132,1.03367284127,1.01503368272
14565621.0,2019-08-27 15:41:02.886000,3589.67817719,-1885.13519132,1.03367284127,1.01503368272
14565621.0,2019-08-27 15:41:02.976000,3599.58677056,-1881.12474088,1.03390660859,1.01527184083
14565622.0,2019-08-27 15:41:03,3599.58677056,-1881.12474088,1.03390660859,1.01527184083
14565622.0,2019-08-27 15:41:03.088000,3609.33219538,-1877.44592039,1.03413241725,1.01550188878
14565623.0,2019-08-27 15:41:03.108000,3609.33219538,-1877.44592039,1.03413241725,1.01550188878
14565623.0,2019-08-27 15:41:03.182000,3618.914747,-1874.08504651,1.03435048846,1.01572405216
14565624.0,2019-08-27 15:41:03.208000,3618.914747,-1874.08504651,1.03435048846,1.01572405216
14565624.0,2019-08-27 15:41:03.278000,3628.33647475,-1871.02815435,1.03456107757,1.01593859128
14565625.0,2019-08-27 15:41:03.297000,3628.33647475,-1871.02815435,1.03456107757,1.01593859128
14565625.0,2019-08-27 15:41:03.363000,3637.60013554,-1868.26153312,1.03476444768,1.01614577438
14565626.0,2019-08-27 15:41:03.382000,3637.60013554,-1868.26153312,1.03476444768,1.01614577438
14565626.0,2019-08-27 15:41:03.460000,3646.70845964,-1865.77200502,1.03496085272,1.01634586031
14565627.0,2019-08-27 15:41:03.480000,3646.70845964,-1865.77200502,1.03496085272,1.01634586031
14565627.0,2019-08-27 15:41:03.550000,3655.66415213,-1863.54690721,1.03515053776,1.01653909888
14565628.0,2019-08-27 15:41:03.569000,3655.66415213,-1863.54690721,1.03515053776,1.01653909888
14565628.0,2019-08-27 15:41:03.636000,3664.46989371,-1861.57407458,1.03533373933,1.01672573122
14565629.0,2019-08-27 15:41:03.656000,3664.46989371,-1861.57407458,1.03533373933,1.01672573122
14565629.0,2019-08-27 15:41:03.741000,3673.12834095,-1859.84182334,1.03551068576,1.01690599005
14565630.0,2019-08-27 15:41:03.775000,3673.12834095,-1859.84182334,1.03551068576,1.01690599005
14565630.0,2019-08-27 15:41:03.842000,3681.64212564,-1858.33893528,1.03568159743,1.0170801
14565631.0,2019-08-27 15:41:03.862000,3681.64212564,-1858.33893528,1.03568159743,1.0170801
14565631.0,2019-08-27 15:41:03.933000,3690.01385327,-1857.05464245,1.03584668699,1.01724827783
14565632.0,2019-08-27 15:41:03.954000,3690.01385327,-1857.05464245,1.03584668699,1.01724827783
14565632.0,2019-08-27 15:41:04.041000,3698.24610074,-1855.97861238,1.03600615964,1.01741073268
14565633.0,2019-08-27 15:41:04.061000,3698.24610074,-1855.97861238,1.03600615964,1.01741073268
14565633.0,2019-08-27 15:41:04.130000,3706.34141308,-1855.10093334,1.03616021328,1.01756766626
14565634.0,2019-08-27 15:41:04.149000,3706.34141308,-1855.10093334,1.03616021328,1.01756766626
14565634.0,2019-08-27 15:41:04.216000,3714.30229964,-1854.41209985,1.0363090387,1.01771927302
14565635.0,2019-08-27 15:41:04.235000,3714.30229964,-1854.41209985,1.0363090387,1.01771927302
14565635.0,2019-08-27 15:41:04.312000,3722.13122989,-1853.90299808,1.0364528198,1.01786574037
14565636.0,2019-08-27 15:41:04.335000,3722.13122989,-1853.90299808,1.0364528198,1.01786574037
14565636.0,2019-08-27 15:41:04.415000,3729.83062903,-1853.56489122,1.03659173369,1.01800724883
14565637.0,2019-08-27 15:41:04.436000,3729.83062903,-1853.56489122,1.03659173369,1.01800724883
14565637.0,2019-08-27 15:41:04.507000,3737.40287384,-1853.38940482,1.03672595093,1.01814397221
14565638.0,2019-08-27 15:41:04.538000,3737.40287384,-1853.38940482,1.03672595093,1.01814397221
14565638.0,2019-08-27 15:41:04.611000,3744.85028905,-1853.368512,1.03685563568,1.01827607782
14565639.0,2019-08-27 15:41:04.630000,3744.85028905,-1853.368512,1.03685563568,1.01827607782
14565639.0,2019-08-27 15:41:04.701000,3752.17514449,-1853.49451888,1.0369809459,1.01840372663
14565640.0,2019-08-27 15:41:04.721000,3752.17514449,-1853.49451888,1.0369809459,1.01840372663
14565640.0,2019-08-27 15:41:04.798000,3759.37965308,-1853.76005005,1.03710203355,1.01852707349
14565641.0,2019-08-27 15:41:04.819000,3759.37965308,-1853.76005005,1.03710203355,1.01852707349
14565641.0,2019-08-27 15:41:04.887000,3766.46596986,-1854.15803448,1.0372190448,1.01864626737
14565642.0,2019-08-27 15:41:04.906000,3766.46596986,-1854.15803448,1.0372190448,1.01864626737
14565642.0,2019-08-27 15:41:04.974000,3773.43619197,-1854.6816918,1.03733212028,1.01876145155
14565643.0,2019-08-27 15:41:04.993000,3773.43619197,-1854.6816918,1.03733212028,1.01876145155
14565643.0,2019-08-27 15:41:05.070000,3780.29235951,-1855.32451914,1.03744139525,1.0188727639
14565644.0,2019-08-27 15:41:05.088000,3780.29235951,-1855.32451914,1.03744139525,1.0188727639
14565644.0,2019-08-27 15:41:05.157000,3787.0364571,-1856.08027868,1.03754699991,1.01898033707
14565645.0,2019-08-27 15:41:05.176000,3787.0364571,-1856.08027868,1.03754699991,1.01898033707
14565645.0,2019-08-27 15:41:05.246000,3793.67041594,-1856.94298578,1.03764905955,1.01908429873
14565646.0,2019-08-27 15:41:05.265000,3793.67041594,-1856.94298578,1.03764905955,1.01908429873
14565646.0,2019-08-27 15:41:05.349000,3800.19611636,-1857.90689784,1.03774769481,1.01918477181
14565647.0,2019-08-27 15:41:05.369000,3800.19611636,-1857.90689784,1.03774769481,1.01918477181
14565647.0,2019-08-27 15:41:06.059000,3558.12472124,-1922.91527426,1.0325496311,1.01388934611
14569200.0,2019-08-27 15:41:06.079000,3558.12472124,-1922.91527426,1.0325496311,1.01388934611
14569200.0,2019-08-27 15:41:06.164000,3558.12471921,-1917.00887104,1.03263896676,1.01398036387
14569201.0,2019-08-27 15:41:06.186000,3558.12471921,-1917.00887104,1.03263896676,1.01398036387
14569201.0,2019-08-27 15:41:06.835000,2714.52672997,-1568.88034361,1.02288219068,1.00403802841
14572800.0,2019-08-27 15:41:06.856000,2714.52672997,-1568.88034361,1.02288219068,1.00403802841
14572800.0,2019-08-27 15:41:06.937000,2714.52672997,-1557.77344332,1.02304958594,1.00420863907
14572801.0,2019-08-27 15:41:06.957000,2714.52672997,-1557.77344332,1.02304958594,1.00420863907
14572801.0,2019-08-27 15:41:07.040000,2714.52672997,-1547.04029056,1.023211251,1.00437340838
14572802.0,2019-08-27 15:41:07.065000,2714.52672997,-1547.04029056,1.023211251,1.00437340838
14572802.0,2019-08-27 15:41:07.149000,2714.52672997,-1536.66817563,1.02336738723,1.00453254172
14572803.0,2019-08-27 15:41:07.169000,2714.52672997,-1536.66817563,1.02336738723,1.00453254172
14572803.0,2019-08-27 15:41:07.263000,2714.52672997,-1526.64482865,1.0235181886,1.00468623686
14572804.0,2019-08-27 15:41:07.288000,2714.52672997,-1526.64482865,1.0235181886,1.00468623686
14572804.0,2019-08-27 15:41:07.371000,2714.52672997,-1516.95840391,1.02366384197,1.00483468436
14572805.0,2019-08-27 15:41:07.391000,2714.52672997,-1516.95840391,1.02366384197,1.00483468436
14572805.0,2019-08-27 15:41:07.476000,2714.52672997,-1507.59746473,1.02380452736,1.00497806776
14572806.0,2019-08-27 15:41:07.500000,2714.52672997,-1507.59746473,1.02380452736,1.00497806776
14572806.0,2019-08-27 15:41:07.583000,2714.52672997,-1498.5509689,1.02394041823,1.00511656395
14572807.0,2019-08-27 15:41:07.602000,2714.52672997,-1498.5509689,1.02394041823,1.00511656395
14572807.0,2019-08-27 15:41:07.683000,2714.52672997,-1489.80825463,1.02407168173,1.00525034336
14572808.0,2019-08-27 15:41:07.707000,2714.52672997,-1489.80825463,1.02407168173,1.00525034336
14572808.0,2019-08-27 15:41:07.790000,2714.52672997,-1481.35902715,1.02419847895,1.00537957022
14572809.0,2019-08-27 15:41:07.810000,2714.52672997,-1481.35902715,1.02419847895,1.00537957022
14572809.0,2019-08-27 15:41:07.889000,2714.52672997,-1473.19334567,1.02432096516,1.00550440286
14572810.0,2019-08-27 15:41:07.914000,2714.52672997,-1473.19334567,1.02432096516,1.00550440286
14572810.0,2019-08-27 15:41:08,2714.52672997,-1465.30161088,1.02443929001,1.00562499386
14572811.0,2019-08-27 15:41:08.019000,2714.52672997,-1465.30161088,1.02443929001,1.00562499386
14572811.0,2019-08-27 15:41:08.098000,2714.52672997,-1457.67455296,1.0245535978,1.00574149033
14572812.0,2019-08-27 15:41:08.120000,2714.52672997,-1457.67455296,1.0245535978,1.00574149033
14572812.0,2019-08-27 15:41:08.210000,2714.52672997,-1450.30321994,1.0246640276,1.00585403408
14572813.0,2019-08-27 15:41:08.229000,2714.52672997,-1450.30321994,1.0246640276,1.00585403408
14572813.0,2019-08-27 15:41:08.311000,2714.52672997,-1443.17896658,1.02477071356,1.00596276184
14572814.0,2019-08-27 15:41:08.340000,2714.52672997,-1443.17896658,1.02477071356,1.00596276184
14572814.0,2019-08-27 15:41:08.439000,2714.52672997,-1436.29344358,1.02487378497,1.00606780546
14572815.0,2019-08-27 15:41:08.459000,2714.52672997,-1436.29344358,1.02487378497,1.00606780546
14572815.0,2019-08-27 15:41:08.540000,2714.52672997,-1429.63858723,1.02497336657,1.00616929208
14572816.0,2019-08-27 15:41:08.565000,2714.52672997,-1429.63858723,1.02497336657,1.00616929208
14572816.0,2019-08-27 15:41:09.272000,1740.10717689,-1037.65433307,1.01292128798,0.993883753157
14576400.0,2019-08-27 15:41:09.292000,1740.10717689,-1037.65433307,1.01292128798,0.993883753157
14576400.0,2019-08-27 15:41:09.373000,1740.10717689,-1023.91266991,1.01312637624,0.994092863712
14576401.0,2019-08-27 15:41:09.393000,1740.10717689,-1023.91266991,1.01312637624,0.994092863712
14576401.0,2019-08-27 15:41:09.475000,1740.10717689,-1010.63162299,1.01332444179,0.994294812176
14576402.0,2019-08-27 15:41:09.499000,1740.10717689,-1010.63162299,1.01332444179,0.994294812176
14576402.0,2019-08-27 15:41:09.581000,1740.10717689,-997.795570835,1.01351573272,0.994489851671
14576403.0,2019-08-27 15:41:09.600000,1740.10717689,-997.795570835,1.01351573272,0.994489851671
14576403.0,2019-08-27 15:41:09.686000,1740.10717689,-985.389433155,1.01370048785,0.994678225857
14576404.0,2019-08-27 15:41:09.710000,1740.10717689,-985.389433155,1.01370048785,0.994678225857
14576404.0,2019-08-27 15:41:09.799000,1740.10717689,-973.398651226,1.01387893712,0.994860169328
14576405.0,2019-08-27 15:41:09.819000,1740.10717689,-973.398651226,1.01387893712,0.994860169328
14576405.0,2019-08-27 15:41:09.902000,1740.10717689,-961.809169243,1.01405130196,0.995035907974
14576406.0,2019-08-27 15:41:09.926000,1740.10717689,-961.809169243,1.01405130196,0.995035907974
14576406.0,2019-08-27 15:41:10.015000,1740.10717689,-950.607416217,1.01421779559,0.99520565934
14576407.0,2019-08-27 15:41:10.035000,1740.10717689,-950.607416217,1.01421779559,0.99520565934
14576407.0,2019-08-27 15:41:10.118000,1740.10717689,-939.780288685,1.01437862342,0.995369632955
14576408.0,2019-08-27 15:41:10.142000,1740.10717689,-939.780288685,1.01437862342,0.995369632955
14576408.0,2019-08-27 15:41:10.226000,1740.10717689,-929.315133998,1.0145339833,0.995528030661
14576409.0,2019-08-27 15:41:10.248000,1740.10717689,-929.315133998,1.0145339833,0.995528030661
14576409.0,2019-08-27 15:41:10.337000,1740.10717689,-919.199734336,1.01468406586,0.995681046912
14576410.0,2019-08-27 15:41:10.361000,1740.10717689,-919.199734336,1.01468406586,0.995681046912
14576410.0,2019-08-27 15:41:10.451000,1740.10717689,-909.422291243,1.01482905476,0.995828869069
14576411.0,2019-08-27 15:41:10.471000,1740.10717689,-909.422291243,1.01482905476,0.995828869069
14576411.0,2019-08-27 15:41:10.554000,1740.10717689,-899.971410707,1.01496912703,0.995971677682
14576412.0,2019-08-27 15:41:10.580000,1740.10717689,-899.971410707,1.01496912703,0.995971677682
14576412.0,2019-08-27 15:41:10.661000,1740.10717689,-890.836088994,1.01510445322,0.996109646751
14576413.0,2019-08-27 15:41:10.681000,1740.10717689,-890.836088994,1.01510445322,0.996109646751
14576413.0,2019-08-27 15:41:10.762000,1740.10717689,-882.00569876,1.01523519778,0.996242943989
14576414.0,2019-08-27 15:41:10.786000,1740.10717689,-882.00569876,1.01523519778,0.996242943989
14576414.0,2019-08-27 15:41:10.870000,1740.10717689,-873.469975891,1.0153615192,0.996371731059
14576415.0,2019-08-27 15:41:10.889000,1740.10717689,-873.469975891,1.0153615192,0.996371731059
14576415.0,2019-08-27 15:41:10.969000,1740.10717689,-865.219006681,1.01548357027,0.996496163812
14576416.0,2019-08-27 15:41:10.994000,1740.10717689,-865.219006681,1.01548357027,0.996496163812
14576416.0,2019-08-27 15:41:11.076000,1740.10717689,-857.243215621,1.01560149832,0.996616392509
14576417.0,2019-08-27 15:41:11.096000,1740.10717689,-857.243215621,1.01560149832,0.996616392509
14576417.0,2019-08-27 15:41:11.175000,1740.10717689,-849.533353485,1.0157154454,0.996732562033
14576418.0,2019-08-27 15:41:11.194000,1740.10717689,-849.533353485,1.0157154454,0.996732562033
14576418.0,2019-08-27 15:41:11.284000,1740.10717689,-842.08048597,1.01582554851,0.996844812098
14576419.0,2019-08-27 15:41:11.304000,1740.10717689,-842.08048597,1.01582554851,0.996844812098
14576419.0,2019-08-27 15:41:11.399000,1740.10717689,-834.875982699,1.01593193974,0.996953277443
14576420.0,2019-08-27 15:41:11.419000,1740.10717689,-834.875982699,1.01593193974,0.996953277443
14576420.0,2019-08-27 15:41:11.500000,1740.10717689,-827.911506678,1.01603474653,0.99705808802
14576421.0,2019-08-27 15:41:11.527000,1740.10717689,-827.911506678,1.01603474653,0.99705808802
14576421.0,2019-08-27 15:41:11.611000,1740.10717689,-821.179004041,1.01613409177,0.997159369173
14576422.0,2019-08-27 15:41:11.630000,1740.10717689,-821.179004041,1.01613409177,0.997159369173
14576422.0,2019-08-27 15:41:12.379000,777.753436315,-425.092540929,1.00364720491,0.98442594811
14580000.0,2019-08-27 15:41:12.398000,777.753436315,-425.092540929,1.00364720491,0.98442594811
14580000.0,2019-08-27 15:41:12.485000,777.753436315,-418.094792892,1.00375027094,0.984531075818
14580001.0,2019-08-27 15:41:12.504000,777.753436315,-418.094792892,1.00375027094,0.984531075818
14580001.0,2019-08-27 15:41:12.585000,777.753436315,-411.212239731,1.00385160126,0.984634432665
14580002.0,2019-08-27 15:41:12.609000,777.753436315,-411.212239731,1.00385160126,0.984634432665
14580002.0,2019-08-27 15:41:12.690000,777.753436315,-404.442985127,1.00395122576,0.984736049149
14580003.0,2019-08-27 15:41:12.709000,777.753436315,-404.442985127,1.00395122576,0.984736049149
14580003.0,2019-08-27 15:41:14.264000,109.791581808,6.55423033645e-11,0.996730900284,0.97737025177
14583600.0,2019-08-27 15:41:14.284000,109.791581808,6.55423033645e-11,0.996730900284,0.97737025177
14583600.0,2019-08-27 15:41:14.349000,109.791581808,6.47346576608e-11,0.996730900284,0.97737025177
14583601.0,2019-08-27 15:41:14.368000,109.791581808,6.47346576608e-11,0.996730900284,0.97737025177
14583601.0,2019-08-27 15:41:14.827000,3.22993542676,5.10646919318e-12,0.994598542306,0.975194500106
14587200.0,2019-08-27 15:41:14.847000,3.22993542676,5.10646919318e-12,0.994598542306,0.975194500106
14587200.0,2019-08-27 15:41:14.911000,3.22993542676,5.04354568274e-12,0.994598542306,0.975194500106
14587201.0,2019-08-27 15:41:14.930000,3.22993542676,5.04354568274e-12,0.994598542306,0.975194500106
14587201.0,2019-08-27 15:41:15.370000,0.000439475240526,7.86023111133e-14,0.99453373335,0.975128369166
14590800.0,2019-08-27 15:41:15.390000,0.000439475240526,7.86023111133e-14,0.99453373335,0.975128369166
14590800.0,2019-08-27 15:41:15.457000,0.000439475240526,7.76337643704e-14,0.99453373335,0.975128369166
14590801.0,2019-08-27 15:41:15.477000,0.000439475240526,7.76337643704e-14,0.99453373335,0.975128369166
14590801.0,2019-08-27 15:41:15.939000,0.000439253689971,1.21001588878e-15,0.994533733345,0.975128369162
14594400.0,2019-08-27 15:41:15.959000,0.000439253689971,1.21001588878e-15,0.994533733345,0.975128369162
14594400.0,2019-08-27 15:41:16.023000,0.000439253689971,1.19510617233e-15,0.994533733345,0.975128369162
14594401.0,2019-08-27 15:41:16.043000,0.000439253689971,1.19510617233e-15,0.994533733345,0.975128369162
14594401.0,2019-08-27 15:41:16.534000,0.000439101422999,1.86289322932e-17,0.994533733342,0.975128369159
14598000.0,2019-08-27 15:41:16.555000,0.000439101422999,1.86289322932e-17,0.994533733342,0.975128369159
14598000.0,2019-08-27 15:41:16.638000,0.000439101422999,1.83993917955e-17,0.994533733342,0.975128369159
14598001.0,2019-08-27 15:41:16.658000,0.000439101422999,1.83993917955e-17,0.994533733342,0.975128369159
14598001.0,2019-08-27 15:41:17.255000,0.000439036264438,2.86830912264e-19,0.994533733341,0.975128369157
14601600.0,2019-08-27 15:41:17.279000,0.000439036264438,2.86830912264e-19,0.994533733341,0.975128369157
